elapsed_seconds,timestamp,pids,tb_guard_rss_mb,tb_guard_vsz_mb,system_used_mb,system_available_mb
0.019,2026-09-16T20:04:59.910467,4047,88.977,322.285,1256.551,2582.367
0.28,2026-09-16T20:05:00.171001,4047,88.977,322.285,1256.527,2582.391
0.541,2026-09-16T20:05:00.432050,4047,88.977,322.285,1256.527,2582.391
0.813,2026-09-16T20:05:00.703761,4047,88.977,322.285,1252.914,2586.004
1.087,2026-09-16T20:05:00.978223,4047,88.977,322.285,1252.836,2586.082
1.359,2026-09-16T20:05:01.249825,4047,88.977,322.285,1252.836,2586.082
1.633,2026-09-16T20:05:01.524312,4047,88.977,322.285,1249.223,2589.695
1.905,2026-09-16T20:05:01.796432,4047,88.977,322.285,1249.145,2589.773
2.181,2026-09-16T20:05:02.071613,4047,88.977,322.285,1249.145,2589.773
2.452,2026-09-16T20:05:02.343081,4047,88.977,322.285,1240.434,2598.484
2.722,2026-09-16T20:05:02.612825,4047,88.977,322.285,1243.141,2595.777
2.997,2026-09-16T20:05:02.887655,4047,88.977,322.285,1243.387,2595.531
3.274,2026-09-16T20:05:03.165258,4047,88.977,322.285,1246.094,2592.824
3.537,2026-09-16T20:05:03.427608,4047,88.977,322.285,1268.488,2570.43
3.797,2026-09-16T20:05:03.688490,4047,88.977,322.285,1268.488,2570.43
4.059,2026-09-16T20:05:03.949993,4047,88.977,322.285,1268.488,2570.43
4.32,2026-09-16T20:05:04.211488,4047,88.977,322.285,1269.965,2568.953
4.581,2026-09-16T20:05:04.472122,4047,88.977,322.285,1269.965,2568.953
4.842,2026-09-16T20:05:04.732715,4047,88.977,322.285,1262.449,2576.469
5.103,2026-09-16T20:05:04.994488,4047,88.977,322.285,1261.871,2577.047
5.364,2026-09-16T20:05:05.254635,4047,88.977,322.285,1261.855,2577.062
5.631,2026-09-16T20:05:05.521957,4047,88.977,322.285,1261.855,2577.062
5.898,2026-09-16T20:05:05.789324,4047,88.977,322.285,1262.102,2576.816
6.162,2026-09-16T20:05:06.053034,4047,88.977,322.285,1262.102,2576.816
6.422,2026-09-16T20:05:06.313324,4047,88.977,322.285,1264.316,2574.602
6.692,2026-09-16T20:05:06.583470,4047,88.977,322.285,1264.316,2574.602
6.954,2026-09-16T20:05:06.844813,4047,88.977,322.285,1256.211,2582.707
7.218,2026-09-16T20:05:07.109328,4047,88.977,322.285,1257.672,2581.246
7.479,2026-09-16T20:05:07.370243,4047,88.977,322.285,1257.672,2581.246
7.74,2026-09-16T20:05:07.631235,4047,88.977,322.285,1257.672,2581.246
8.001,2026-09-16T20:05:07.892047,4047,88.977,322.285,1257.672,2581.246
8.262,2026-09-16T20:05:08.152869,4047,88.977,322.285,1257.672,2581.246
8.533,2026-09-16T20:05:08.424158,4047,88.977,322.285,1260.09,2578.828
8.795,2026-09-16T20:05:08.685967,4047,88.977,322.285,1260.828,2578.09
9.063,2026-09-16T20:05:08.953974,4047,88.977,322.285,1252.652,2586.266
9.326,2026-09-16T20:05:09.216824,4047,88.977,322.285,1252.539,2586.379
9.587,2026-09-16T20:05:09.478142,4047,88.977,322.285,1252.539,2586.379
9.848,2026-09-16T20:05:09.739251,4047,88.977,322.285,1252.539,2586.379
10.11,2026-09-16T20:05:10.001040,4047,88.977,322.285,1252.539,2586.379
10.371,2026-09-16T20:05:10.261997,4047,88.977,322.285,1252.539,2586.379
10.632,2026-09-16T20:05:10.522620,4047,88.977,322.285,1260.055,2578.863
10.892,2026-09-16T20:05:10.783470,4047,88.977,322.285,1259.922,2578.996
11.154,2026-09-16T20:05:11.044813,4047,88.977,322.285,1259.922,2578.996
11.415,2026-09-16T20:05:11.305729,4047,88.977,322.285,1259.922,2578.996
11.676,2026-09-16T20:05:11.566694,4047,88.977,322.285,1259.922,2578.996
11.937,2026-09-16T20:05:11.827745,4047,88.977,322.285,1259.922,2578.996
12.199,2026-09-16T20:05:12.090056,4047,88.977,322.285,1270.504,2568.414
12.46,2026-09-16T20:05:12.351072,4047,88.977,322.285,1272.227,2566.691
12.721,2026-09-16T20:05:12.612015,4047,88.977,322.285,1272.227,2566.691
12.982,2026-09-16T20:05:12.872805,4047,88.977,322.285,1272.227,2566.691
13.243,2026-09-16T20:05:13.134363,4047,88.977,322.285,1272.227,2566.691
13.506,2026-09-16T20:05:13.396654,4047,88.977,322.285,1272.227,2566.691
13.767,2026-09-16T20:05:13.657821,4047,88.977,322.285,1272.227,2566.691
14.028,2026-09-16T20:05:13.919143,4047,88.977,322.285,1272.227,2566.691
14.289,2026-09-16T20:05:14.180373,4047,88.977,322.285,1272.227,2566.691
14.55,2026-09-16T20:05:14.441157,4047,88.977,322.285,1272.227,2566.691
14.811,2026-09-16T20:05:14.701985,4047,88.977,322.285,1272.227,2566.691
15.072,2026-09-16T20:05:14.963046,4047,88.977,322.285,1270.637,2568.281
15.333,2026-09-16T20:05:15.224338,4047,88.977,322.285,1271.242,2567.676
15.594,2026-09-16T20:05:15.485216,4047,88.977,322.285,1271.242,2567.676
15.856,2026-09-16T20:05:15.747421,4047,88.977,322.285,1249.297,2589.621
16.117,2026-09-16T20:05:16.008194,4047,88.977,322.285,1249.293,2589.625
16.379,2026-09-16T20:05:16.270361,4047,88.977,322.285,1249.293,2589.625
16.641,2026-09-16T20:05:16.531705,4047,88.977,322.285,1245.621,2593.297
16.902,2026-09-16T20:05:16.792986,4047,88.977,322.285,1245.504,2593.414
17.163,2026-09-16T20:05:17.053877,4047,88.977,322.285,1245.504,2593.414
17.424,2026-09-16T20:05:17.315113,4047,88.977,322.285,1245.504,2593.414
17.685,2026-09-16T20:05:17.575971,4047,88.977,322.285,1245.504,2593.414
17.946,2026-09-16T20:05:17.836672,4047,88.977,322.285,1245.504,2593.414
18.207,2026-09-16T20:05:18.097521,4047,88.977,322.285,1247.418,2591.5
18.466,2026-09-16T20:05:18.357436,4047,88.977,322.285,1247.418,2591.5
18.726,2026-09-16T20:05:18.617505,4047,88.977,322.285,1247.223,2591.695
18.996,2026-09-16T20:05:18.887032,4047,88.977,322.285,1247.207,2591.711
19.262,2026-09-16T20:05:19.153523,4047,88.977,322.285,1247.207,2591.711
19.525,2026-09-16T20:05:19.415642,4047,88.977,322.285,1247.207,2591.711
19.79,2026-09-16T20:05:19.681370,4047,88.977,322.285,1252.867,2586.051
20.064,2026-09-16T20:05:19.954717,4047,88.977,322.285,1210.453,2628.465
20.329,2026-09-16T20:05:20.219701,4047,88.977,322.285,1209.484,2629.434
20.595,2026-09-16T20:05:20.485892,4047,88.977,322.285,1201.969,2636.949
20.857,2026-09-16T20:05:20.748337,4047,88.977,322.285,1201.805,2637.113
21.12,2026-09-16T20:05:21.010591,4047,88.977,322.285,1201.805,2637.113
21.38,2026-09-16T20:05:21.271028,4047,88.977,322.285,1204.375,2634.543
21.64,2026-09-16T20:05:21.531069,4047,88.977,322.285,1204.375,2634.543
21.9,2026-09-16T20:05:21.791001,4047,88.977,322.285,1205.605,2633.312
22.175,2026-09-16T20:05:22.065831,4047,88.977,322.285,1205.605,2633.312
22.444,2026-09-16T20:05:22.335286,4047,88.977,322.285,1205.605,2633.312
22.719,2026-09-16T20:05:22.609653,4047,88.977,322.285,1205.605,2633.312
22.99,2026-09-16T20:05:22.881244,4047,88.977,322.285,1201.914,2637.004
23.259,2026-09-16T20:05:23.150353,4047,88.977,322.285,1201.914,2637.004
23.528,2026-09-16T20:05:23.419510,4047,88.977,322.285,1201.914,2637.004
23.803,2026-09-16T20:05:23.693937,4047,88.977,322.285,1201.914,2637.004
24.077,2026-09-16T20:05:23.968439,4047,88.977,322.285,1201.914,2637.004
24.338,2026-09-16T20:05:24.228855,4047,88.977,322.285,1198.012,2640.906
24.598,2026-09-16T20:05:24.488769,4047,88.977,322.285,1193.793,2645.125
24.858,2026-09-16T20:05:24.749413,4047,88.977,322.285,1196.992,2641.926
25.121,2026-09-16T20:05:25.012094,4047,88.977,322.285,1227.75,2611.168
25.382,2026-09-16T20:05:25.273065,4047,88.977,322.285,1227.844,2611.074
25.643,2026-09-16T20:05:25.534292,4047,88.977,322.285,1227.844,2611.074
25.907,2026-09-16T20:05:25.798276,4047,88.977,322.285,1224.172,2614.746
26.17,2026-09-16T20:05:26.060826,4047,88.977,322.285,1224.172,2614.746
26.435,2026-09-16T20:05:26.326097,4047,88.977,322.285,1224.172,2614.746
26.696,2026-09-16T20:05:26.587167,4047,88.977,322.285,1224.094,2614.824
26.958,2026-09-16T20:05:26.849264,4047,88.977,322.285,1224.586,2614.332
27.219,2026-09-16T20:05:27.110510,4047,88.977,322.285,1224.586,2614.332
27.483,2026-09-16T20:05:27.373839,4047,88.977,322.285,1224.586,2614.332
27.747,2026-09-16T20:05:27.638410,4047,88.977,322.285,1224.586,2614.332
28.011,2026-09-16T20:05:27.902270,4047,88.977,322.285,1224.832,2614.086
28.274,2026-09-16T20:05:28.165215,4047,88.977,322.285,1224.832,2614.086
28.534,2026-09-16T20:05:28.425304,4047,88.977,322.285,1225.57,2613.348
28.794,2026-09-16T20:05:28.685364,4047,88.977,322.285,1225.57,2613.348
29.055,2026-09-16T20:05:28.945734,4047,88.977,322.285,1225.57,2613.348
29.316,2026-09-16T20:05:29.206593,4047,88.977,322.285,1210.02,2628.898
29.58,2026-09-16T20:05:29.471351,4047,88.977,322.285,1210.758,2628.16
29.844,2026-09-16T20:05:29.735152,4047,88.977,322.285,1210.758,2628.16
30.104,2026-09-16T20:05:29.995319,4047,88.977,322.285,1210.758,2628.16
30.377,2026-09-16T20:05:30.267907,4047,88.977,322.285,1210.758,2628.16
30.655,2026-09-16T20:05:30.546501,4047,88.977,322.285,1210.758,2628.16
30.916,2026-09-16T20:05:30.807258,4047,88.977,322.285,1210.945,2627.973
31.177,2026-09-16T20:05:31.068224,4047,88.977,322.285,1210.945,2627.973
31.438,2026-09-16T20:05:31.329105,4047,88.977,322.285,1210.945,2627.973
31.703,2026-09-16T20:05:31.593660,4047,88.977,322.285,1211.438,2627.48
31.967,2026-09-16T20:05:31.858456,4047,88.977,322.285,1211.438,2627.48
32.23,2026-09-16T20:05:32.120898,4047,88.977,322.285,1211.406,2627.512
32.491,2026-09-16T20:05:32.382409,4047,88.977,322.285,1211.176,2627.742
32.752,2026-09-16T20:05:32.642773,4047,88.977,322.285,1211.145,2627.773
33.013,2026-09-16T20:05:32.904372,4047,88.977,322.285,1211.145,2627.773
33.274,2026-09-16T20:05:33.165270,4047,88.977,322.285,1211.145,2627.773
33.538,2026-09-16T20:05:33.429203,4047,88.977,322.285,1211.145,2627.773
33.801,2026-09-16T20:05:33.692104,4047,88.977,322.285,1207.328,2631.59
34.065,2026-09-16T20:05:33.955539,4047,88.977,322.285,1207.316,2631.602
34.327,2026-09-16T20:05:34.218253,4047,88.977,322.285,1207.191,2631.727
34.588,2026-09-16T20:05:34.478596,4047,88.977,322.285,1206.945,2631.973
34.848,2026-09-16T20:05:34.738875,4047,88.977,322.285,1206.945,2631.973
35.108,2026-09-16T20:05:34.998949,4047,88.977,322.285,1207.191,2631.727
35.379,2026-09-16T20:05:35.270036,4047,88.977,322.285,1207.191,2631.727
35.65,2026-09-16T20:05:35.540800,4047,88.977,322.285,1205.602,2633.316
35.921,2026-09-16T20:05:35.811825,4047,88.977,322.285,1205.469,2633.449
36.188,2026-09-16T20:05:36.079274,4047,88.977,322.285,1205.469,2633.449
36.454,2026-09-16T20:05:36.345133,4047,88.977,322.285,1205.562,2633.355
36.721,2026-09-16T20:05:36.612134,4047,88.977,322.285,1205.562,2633.355
36.998,2026-09-16T20:05:36.889404,4047,88.977,322.285,1200.344,2638.574
37.274,2026-09-16T20:05:37.164726,4047,88.977,322.285,1200.227,2638.691
37.543,2026-09-16T20:05:37.434206,4047,88.977,322.285,1200.227,2638.691
37.815,2026-09-16T20:05:37.706163,4047,88.977,322.285,1200.148,2638.77
38.092,2026-09-16T20:05:37.982626,4047,88.977,322.285,1200.148,2638.77
38.364,2026-09-16T20:05:38.254993,4047,88.977,322.285,1198.559,2640.359
38.639,2026-09-16T20:05:38.529598,4047,88.977,322.285,1198.559,2640.359
38.912,2026-09-16T20:05:38.803134,4047,88.977,322.285,1198.426,2640.492
39.189,2026-09-16T20:05:39.080261,4047,88.977,322.285,1198.426,2640.492
39.459,2026-09-16T20:05:39.350195,4047,88.977,322.285,1197.703,2641.215
39.733,2026-09-16T20:05:39.623919,4047,88.977,322.285,1197.688,2641.23
39.999,2026-09-16T20:05:39.889548,4047,88.977,322.285,1197.688,2641.23
40.259,2026-09-16T20:05:40.149668,4047,88.977,322.285,1196.82,2642.098
40.519,2026-09-16T20:05:40.409664,4047,88.977,322.285,1196.82,2642.098
40.793,2026-09-16T20:05:40.684010,4047,88.977,322.285,1196.82,2642.098
41.066,2026-09-16T20:05:40.956568,4047,88.977,322.285,1196.703,2642.215
41.333,2026-09-16T20:05:41.223864,4047,88.977,322.285,1199.41,2639.508
41.607,2026-09-16T20:05:41.498386,4047,88.977,322.285,1199.41,2639.508
41.882,2026-09-16T20:05:41.772927,4047,88.977,322.285,1199.504,2639.414
42.157,2026-09-16T20:05:42.047737,4047,88.977,322.285,1199.504,2639.414
42.429,2026-09-16T20:05:42.319703,4047,88.977,322.285,1199.504,2639.414
42.7,2026-09-16T20:05:42.591169,4047,88.977,322.285,1199.504,2639.414
42.975,2026-09-16T20:05:42.865742,4047,88.977,322.285,1199.504,2639.414
43.25,2026-09-16T20:05:43.141430,4047,88.977,322.285,1199.473,2639.445
43.522,2026-09-16T20:05:43.412851,4047,88.977,322.285,1199.504,2639.414
43.796,2026-09-16T20:05:43.687445,4047,88.977,322.285,1199.504,2639.414
44.071,2026-09-16T20:05:43.962267,4047,88.977,322.285,1199.504,2639.414
44.343,2026-09-16T20:05:44.233904,4047,88.977,322.285,1199.504,2639.414
44.618,2026-09-16T20:05:44.508751,4047,88.977,322.285,1199.504,2639.414
44.893,2026-09-16T20:05:44.784373,4047,88.977,322.285,1199.504,2639.414
45.169,2026-09-16T20:05:45.059730,4047,88.977,322.285,1199.504,2639.414
45.441,2026-09-16T20:05:45.331529,4047,88.977,322.285,1199.504,2639.414
45.715,2026-09-16T20:05:45.606069,4047,88.977,322.285,1199.504,2639.414
45.99,2026-09-16T20:05:45.880872,4047,88.977,322.285,1199.504,2639.414
46.262,2026-09-16T20:05:46.153157,4047,88.977,322.285,1199.504,2639.414
46.534,2026-09-16T20:05:46.425089,4047,88.977,322.285,1199.504,2639.414
46.809,2026-09-16T20:05:46.699836,4047,88.977,322.285,1199.504,2639.414
47.085,2026-09-16T20:05:46.975698,4047,88.977,322.285,1199.598,2639.32
47.354,2026-09-16T20:05:47.244927,4047,88.977,322.285,1199.598,2639.32
47.63,2026-09-16T20:05:47.521346,4047,88.977,322.285,1199.598,2639.32
47.891,2026-09-16T20:05:47.782345,4047,88.977,322.285,1199.691,2639.227
48.151,2026-09-16T20:05:48.042458,4047,88.977,322.285,1197.969,2640.949
48.411,2026-09-16T20:05:48.302419,4047,88.977,322.285,1197.969,2640.949
48.686,2026-09-16T20:05:48.576960,4047,88.977,322.285,1196.492,2642.426
48.96,2026-09-16T20:05:48.851439,4047,88.977,322.285,1196.492,2642.426
49.235,2026-09-16T20:05:49.126352,4047,88.977,322.285,1196.492,2642.426
49.507,2026-09-16T20:05:49.397868,4047,88.977,322.285,1196.492,2642.426
49.782,2026-09-16T20:05:49.672912,4047,88.977,322.285,1196.492,2642.426
50.054,2026-09-16T20:05:49.944535,4047,88.977,322.285,1196.492,2642.426
50.326,2026-09-16T20:05:50.216555,4047,88.977,322.285,1196.492,2642.426
50.6,2026-09-16T20:05:50.491343,4047,88.977,322.285,1196.492,2642.426
50.872,2026-09-16T20:05:50.762709,4047,88.977,322.285,1196.586,2642.332
51.143,2026-09-16T20:05:51.034344,4047,88.977,322.285,1196.586,2642.332
51.416,2026-09-16T20:05:51.306969,4047,88.977,322.285,1197.086,2641.832
51.682,2026-09-16T20:05:51.572554,4047,90.301,323.754,1198.809,2640.109
51.943,2026-09-16T20:05:51.833869,4047,92.355,326.762,1197.727,2641.191
52.204,2026-09-16T20:05:52.094624,4047,88.926,322.957,1197.582,2641.336
52.465,2026-09-16T20:05:52.355644,4047,88.672,321.953,1197.93,2640.988
52.725,2026-09-16T20:05:52.615616,4047,88.672,321.953,1197.988,2640.93
52.985,2026-09-16T20:05:52.875763,4047,88.672,321.953,1197.988,2640.93
53.256,2026-09-16T20:05:53.147057,4047,88.672,321.953,1197.988,2640.93
53.525,2026-09-16T20:05:53.416262,4047,88.672,321.953,1197.988,2640.93
53.8,2026-09-16T20:05:53.691212,4047,88.672,321.953,1197.988,2640.93
54.077,2026-09-16T20:05:53.967760,4047,88.672,321.953,1197.988,2640.93
54.346,2026-09-16T20:05:54.237242,4047,88.672,321.953,1197.988,2640.93
54.621,2026-09-16T20:05:54.512485,4047,88.672,321.953,1197.988,2640.93
54.897,2026-09-16T20:05:54.787978,4047,88.672,321.953,1197.988,2640.93
55.172,2026-09-16T20:05:55.063167,4047,88.672,321.953,1197.988,2640.93
55.444,2026-09-16T20:05:55.334769,4047,88.672,321.953,1197.988,2640.93
55.717,2026-09-16T20:05:55.608119,4047,88.672,321.953,1197.988,2640.93
55.977,2026-09-16T20:05:55.868448,4047,88.672,321.953,1194.297,2644.621
56.237,2026-09-16T20:05:56.128414,4047,88.672,321.953,1194.297,2644.621
56.512,2026-09-16T20:05:56.402970,4047,88.672,321.953,1194.297,2644.621
56.786,2026-09-16T20:05:56.677011,4047,88.672,321.953,1194.297,2644.621
57.06,2026-09-16T20:05:56.951476,4047,88.672,321.953,1194.297,2644.621
57.333,2026-09-16T20:05:57.223827,4047,88.672,321.953,1194.297,2644.621
57.607,2026-09-16T20:05:57.497570,4047,88.672,321.953,1194.297,2644.621
57.881,2026-09-16T20:05:57.772384,4047,88.672,321.953,1194.297,2644.621
58.156,2026-09-16T20:05:58.047018,4047,88.672,321.953,1194.297,2644.621
58.425,2026-09-16T20:05:58.316190,4047,88.672,321.953,1194.297,2644.621
58.7,2026-09-16T20:05:58.590805,4047,88.672,321.953,1194.297,2644.621
58.972,2026-09-16T20:05:58.862621,4047,88.672,321.953,1194.297,2644.621
59.244,2026-09-16T20:05:59.135179,4047,88.672,321.953,1194.297,2644.621
59.514,2026-09-16T20:05:59.405385,4047,88.672,321.953,1194.297,2644.621
59.789,2026-09-16T20:05:59.679980,4047,88.672,321.953,1194.297,2644.621
60.064,2026-09-16T20:05:59.954930,4047,88.672,321.953,1194.297,2644.621
60.339,2026-09-16T20:06:00.229863,4047,88.672,321.953,1194.297,2644.621
60.6,2026-09-16T20:06:00.490903,4047,88.672,321.953,1194.297,2644.621
60.86,2026-09-16T20:06:00.751052,4047,88.672,321.953,1194.297,2644.621
61.122,2026-09-16T20:06:01.013188,4047,88.672,321.953,1194.297,2644.621
61.392,2026-09-16T20:06:01.283297,4047,88.672,321.953,1194.297,2644.621
61.667,2026-09-16T20:06:01.557533,4047,88.672,321.953,1194.297,2644.621
61.928,2026-09-16T20:06:01.819484,4047,88.672,321.953,1194.297,2644.621
62.189,2026-09-16T20:06:02.080211,4047,88.672,321.953,1194.297,2644.621
62.45,2026-09-16T20:06:02.340952,4047,88.672,321.953,1201.434,2637.484
62.711,2026-09-16T20:06:02.601812,4047,88.672,321.953,1201.434,2637.484
62.974,2026-09-16T20:06:02.864891,4047,88.672,321.953,1201.434,2637.484
63.239,2026-09-16T20:06:03.129775,4047,88.672,321.953,1201.316,2637.602
63.499,2026-09-16T20:06:03.390128,4047,88.672,321.953,1201.285,2637.633
63.76,2026-09-16T20:06:03.650578,4047,88.672,321.953,1201.285,2637.633
64.034,2026-09-16T20:06:03.924974,4047,88.672,321.953,1201.285,2637.633
64.31,2026-09-16T20:06:04.200991,4047,88.672,321.953,1201.285,2637.633
64.581,2026-09-16T20:06:04.471849,4047,88.672,321.953,1201.285,2637.633
64.841,2026-09-16T20:06:04.731864,4047,88.672,321.953,1201.285,2637.633
65.101,2026-09-16T20:06:04.991981,4047,88.672,321.953,1201.285,2637.633
65.361,2026-09-16T20:06:05.252202,4047,88.672,321.953,1197.672,2641.246
65.636,2026-09-16T20:06:05.526909,4047,88.672,321.953,1197.594,2641.324
65.897,2026-09-16T20:06:05.787781,4047,88.672,321.953,1207.191,2631.727
66.157,2026-09-16T20:06:06.047886,4047,88.672,321.953,1207.191,2631.727
66.417,2026-09-16T20:06:06.307851,4047,88.672,321.953,1207.191,2631.727
66.689,2026-09-16T20:06:06.579592,4047,88.672,321.953,1207.191,2631.727
66.964,2026-09-16T20:06:06.855522,4047,88.672,321.953,1207.191,2631.727
67.239,2026-09-16T20:06:07.130410,4047,88.672,321.953,1207.191,2631.727
67.51,2026-09-16T20:06:07.401103,4047,88.672,321.953,1207.191,2631.727
67.786,2026-09-16T20:06:07.676650,4047,88.672,321.953,1206.469,2632.449
68.06,2026-09-16T20:06:07.951222,4047,88.672,321.953,1206.453,2632.465
68.333,2026-09-16T20:06:08.224379,4047,88.672,321.953,1206.453,2632.465
68.594,2026-09-16T20:06:08.484617,4047,88.672,321.953,1206.453,2632.465
68.854,2026-09-16T20:06:08.744689,4047,88.672,321.953,1202.84,2636.078
69.114,2026-09-16T20:06:09.004585,4047,88.672,321.953,1202.762,2636.156
69.387,2026-09-16T20:06:09.278517,4047,88.672,321.953,1202.762,2636.156
69.663,2026-09-16T20:06:09.554418,4047,88.672,321.953,1202.762,2636.156
69.936,2026-09-16T20:06:09.827238,4047,88.672,321.953,1202.762,2636.156
70.206,2026-09-16T20:06:10.097147,4047,88.672,321.953,1202.762,2636.156
70.466,2026-09-16T20:06:10.357175,4047,88.672,321.953,1207.684,2631.234
70.726,2026-09-16T20:06:10.617334,4047,88.672,321.953,1207.93,2630.988
70.986,2026-09-16T20:06:10.877368,4047,88.672,321.953,1208.27,2630.648
71.258,2026-09-16T20:06:11.149097,4047,88.672,321.953,1208.516,2630.402
71.53,2026-09-16T20:06:11.420548,4047,88.672,321.953,1208.516,2630.402
71.801,2026-09-16T20:06:11.692101,4047,88.672,321.953,1208.516,2630.402
72.076,2026-09-16T20:06:11.966771,4047,88.672,321.953,1208.516,2630.402
72.347,2026-09-16T20:06:12.238286,4047,88.672,321.953,1208.516,2630.402
72.608,2026-09-16T20:06:12.498917,4047,88.672,321.953,1208.516,2630.402
72.868,2026-09-16T20:06:12.759030,4047,88.672,321.953,1208.516,2630.402
73.128,2026-09-16T20:06:13.019087,4047,88.672,321.953,1208.516,2630.402
73.398,2026-09-16T20:06:13.288618,4047,88.672,321.953,1215.652,2623.266
73.662,2026-09-16T20:06:13.553415,4047,88.672,321.953,1218.75,2620.168
73.927,2026-09-16T20:06:13.818272,4047,88.672,321.953,1219.863,2619.055
74.188,2026-09-16T20:06:14.079426,4047,88.672,321.953,1219.91,2619.008
74.449,2026-09-16T20:06:14.340320,4047,88.672,321.953,1219.91,2619.008
74.71,2026-09-16T20:06:14.601322,4047,88.672,321.953,1219.91,2619.008
74.971,2026-09-16T20:06:14.862373,4047,88.672,321.953,1219.91,2619.008
75.232,2026-09-16T20:06:15.123169,4047,88.672,321.953,1220.266,2618.652
75.493,2026-09-16T20:06:15.384054,4047,88.672,321.953,1220.266,2618.652
75.754,2026-09-16T20:06:15.645158,4047,88.672,321.953,1221.496,2617.422
76.015,2026-09-16T20:06:15.905941,4047,88.672,321.953,1221.496,2617.422
76.281,2026-09-16T20:06:16.172147,4047,88.672,321.953,1221.496,2617.422
76.544,2026-09-16T20:06:16.434976,4047,88.672,321.953,1226.57,2612.348
76.804,2026-09-16T20:06:16.695236,4047,88.672,321.953,1225.422,2613.496
77.064,2026-09-16T20:06:16.955228,4047,88.672,321.953,1225.422,2613.496
77.325,2026-09-16T20:06:17.215980,4047,88.672,321.953,1225.422,2613.496
77.595,2026-09-16T20:06:17.486202,4047,88.672,321.953,1225.422,2613.496
77.856,2026-09-16T20:06:17.747123,4047,88.672,321.953,1225.422,2613.496
78.116,2026-09-16T20:06:18.007204,4047,88.672,321.953,1226.652,2612.266
78.377,2026-09-16T20:06:18.267724,4047,88.672,321.953,1219.137,2619.781
78.637,2026-09-16T20:06:18.527896,4047,88.672,321.953,1219.023,2619.895
78.897,2026-09-16T20:06:18.787933,4047,88.672,321.953,1219.023,2619.895
79.157,2026-09-16T20:06:19.048152,4047,88.672,321.953,1219.023,2619.895
79.432,2026-09-16T20:06:19.323142,4047,88.672,321.953,1219.023,2619.895
79.692,2026-09-16T20:06:19.583248,4047,88.672,321.953,1219.023,2619.895
79.952,2026-09-16T20:06:19.843478,4047,88.672,321.953,1219.023,2619.895
80.226,2026-09-16T20:06:20.117205,4047,88.672,321.953,1218.891,2620.027
80.495,2026-09-16T20:06:20.386494,4047,88.672,321.953,1218.891,2620.027
80.758,2026-09-16T20:06:20.648902,4047,88.672,321.953,1218.891,2620.027
81.018,2026-09-16T20:06:20.909020,4047,88.672,321.953,1218.984,2619.934
81.278,2026-09-16T20:06:21.169339,4047,88.672,321.953,1218.984,2619.934
81.55,2026-09-16T20:06:21.440962,4047,88.672,321.953,1218.984,2619.934
81.821,2026-09-16T20:06:21.711933,4047,88.672,321.953,1218.984,2619.934
82.094,2026-09-16T20:06:21.984968,4047,88.672,321.953,1218.984,2619.934
82.362,2026-09-16T20:06:22.252651,4047,88.672,321.953,1218.262,2620.656
82.633,2026-09-16T20:06:22.524409,4047,88.672,321.953,1218.262,2620.656
82.911,2026-09-16T20:06:22.801947,4047,88.672,321.953,1218.246,2620.672
83.172,2026-09-16T20:06:23.062897,4047,88.672,321.953,1219.23,2619.688
83.432,2026-09-16T20:06:23.322917,4047,88.672,321.953,1219.324,2619.594
83.692,2026-09-16T20:06:23.583041,4047,88.672,321.953,1219.324,2619.594
83.964,2026-09-16T20:06:23.855205,4047,88.672,321.953,1211.695,2627.223
84.226,2026-09-16T20:06:24.116590,4047,88.672,321.953,1211.941,2626.977
84.486,2026-09-16T20:06:24.376545,4047,88.672,321.953,1211.941,2626.977
84.746,2026-09-16T20:06:24.636584,4047,88.672,321.953,1211.941,2626.977
85.024,2026-09-16T20:06:24.915046,4047,88.672,321.953,1211.941,2626.977
85.294,2026-09-16T20:06:25.185236,4047,88.672,321.953,1211.941,2626.977
85.567,2026-09-16T20:06:25.458315,4047,88.672,321.953,1211.941,2626.977
85.828,2026-09-16T20:06:25.719314,4047,88.672,321.953,1211.941,2626.977
86.089,2026-09-16T20:06:25.979799,4047,88.672,321.953,1211.941,2626.977
86.362,2026-09-16T20:06:26.252794,4047,88.672,321.953,1212.035,2626.883
86.634,2026-09-16T20:06:26.524577,4047,88.672,321.953,1212.035,2626.883
86.894,2026-09-16T20:06:26.784842,4047,88.672,321.953,1212.281,2626.637
87.154,2026-09-16T20:06:27.044997,4047,88.672,321.953,1212.527,2626.391
87.425,2026-09-16T20:06:27.316327,4047,88.672,321.953,1212.773,2626.145
87.69,2026-09-16T20:06:27.580658,4047,88.672,321.953,1212.773,2626.145
87.952,2026-09-16T20:06:27.843035,4047,88.672,321.953,1212.867,2626.051
88.226,2026-09-16T20:06:28.117130,4047,88.672,321.953,1212.867,2626.051
88.486,2026-09-16T20:06:28.377130,4047,88.672,321.953,1212.867,2626.051
88.75,2026-09-16T20:06:28.640686,4047,88.672,321.953,1212.867,2626.051
89.022,2026-09-16T20:06:28.912895,4047,88.672,321.953,1212.867,2626.051
89.282,2026-09-16T20:06:29.173331,4047,88.672,321.953,1212.867,2626.051
89.542,2026-09-16T20:06:29.433452,4047,88.672,321.953,1212.867,2626.051
89.802,2026-09-16T20:06:29.693332,4047,88.672,321.953,1212.867,2626.051
