run,inference_ms,full_predict_call_ms,prediction,tb_probability
1,41.924517950974405,42.274684994481504,Tuberculosis,0.9931880831718445
2,38.468943908810616,38.793591898866,Tuberculosis,0.9931880831718445
3,43.14964800141752,43.46757405437529,Tuberculosis,0.9931880831718445
4,42.23044391255826,42.5490930210799,Tuberculosis,0.9931880831718445
5,44.920722022652626,45.240222942084074,Tuberculosis,0.9931880831718445
6,37.08609298337251,37.40531497169286,Tuberculosis,0.9931880831718445
7,42.87053702864796,43.19418501108885,Tuberculosis,0.9931880831718445
8,34.62911199312657,34.983925987035036,Tuberculosis,0.9931880831718445
9,40.310425916686654,40.70638900157064,Tuberculosis,0.9931880831718445
10,41.331129032187164,41.672870982438326,Tuberculosis,0.9931880831718445
11,53.63505589775741,54.001722019165754,Tuberculosis,0.9931880831718445
12,45.90112902224064,46.223128912970424,Tuberculosis,0.9931880831718445
13,39.10851804539561,39.42563000600785,Tuberculosis,0.9931880831718445
14,40.57314805686474,40.89348204433918,Tuberculosis,0.9931880831718445
15,34.15201907046139,34.46616604924202,Tuberculosis,0.9931880831718445
16,39.338222006335855,39.65772199444473,Tuberculosis,0.9931880831718445
17,48.41314803343266,48.74563007615507,Tuberculosis,0.9931880831718445
18,38.58185198623687,38.90150005463511,Tuberculosis,0.9931880831718445
19,43.72092604171485,44.088777038268745,Tuberculosis,0.9931880831718445
20,49.42409205250442,49.79024105705321,Tuberculosis,0.9931880831718445
21,56.77824094891548,57.23624094389379,Tuberculosis,0.9931880831718445
22,47.74129600264132,48.12540696002543,Tuberculosis,0.9931880831718445
23,49.203536938875914,49.563055974431336,Tuberculosis,0.9931880831718445
24,58.002482051961124,58.59451799187809,Tuberculosis,0.9931880831718445
25,60.46759197488427,60.86592597421259,Tuberculosis,0.9931880831718445
26,43.80688804667443,44.17257395107299,Tuberculosis,0.9931880831718445
27,44.51661102939397,44.88276003394276,Tuberculosis,0.9931880831718445
28,44.59894495084882,45.0138890882954,Tuberculosis,0.9931880831718445
29,51.4924629824236,51.93505494389683,Tuberculosis,0.9931880831718445
30,39.829259971156716,40.21901800297201,Tuberculosis,0.9931880831718445
31,49.66366593725979,50.07046298123896,Tuberculosis,0.9931880831718445
32,42.13779605925083,42.526334058493376,Tuberculosis,0.9931880831718445
33,39.1999069834128,39.51729601249099,Tuberculosis,0.9931880831718445
34,37.358795991167426,37.674832972697914,Tuberculosis,0.9931880831718445
35,38.30668504815549,38.61740801949054,Tuberculosis,0.9931880831718445
36,37.06027800217271,37.36663004383445,Tuberculosis,0.9931880831718445
37,41.684500058181584,42.00338898226619,Tuberculosis,0.9931880831718445
38,34.82207399792969,35.14350007753819,Tuberculosis,0.9931880831718445
39,36.69525997247547,37.0279629714787,Tuberculosis,0.9931880831718445
40,40.827019023709,41.18424095213413,Tuberculosis,0.9931880831718445
41,46.1474449839443,46.57485103234649,Tuberculosis,0.9931880831718445
42,39.76055502425879,40.32624093815684,Tuberculosis,0.9931880831718445
43,38.41155499685556,38.738148054108024,Tuberculosis,0.9931880831718445
44,38.58724096789956,38.914278033189476,Tuberculosis,0.9931880831718445
45,41.39974096324295,41.717962943948805,Tuberculosis,0.9931880831718445
46,40.2989259455353,40.62198102474213,Tuberculosis,0.9931880831718445
47,37.46203694026917,37.78172202873975,Tuberculosis,0.9931880831718445
48,37.836519069969654,38.1582590052858,Tuberculosis,0.9931880831718445
49,37.20120410434902,37.5226290198043,Tuberculosis,0.9931880831718445
50,43.077240930870175,43.39814803097397,Tuberculosis,0.9931880831718445
51,48.82553708739579,49.17670297436416,Tuberculosis,0.9931880831718445
52,34.29787000641227,34.61675893049687,Tuberculosis,0.9931880831718445
53,38.41198200825602,38.77633297815919,Tuberculosis,0.9931880831718445
54,33.82653696462512,34.15574005339295,Tuberculosis,0.9931880831718445
55,39.71764794550836,40.035667014308274,Tuberculosis,0.9931880831718445
56,42.5629080273211,42.88566706236452,Tuberculosis,0.9931880831718445
57,37.23194496706128,37.55236999131739,Tuberculosis,0.9931880831718445
58,42.626537033356726,42.94012999162078,Tuberculosis,0.9931880831718445
59,38.26975903939456,38.610204006545246,Tuberculosis,0.9931880831718445
60,39.06931495293975,39.389129960909486,Tuberculosis,0.9931880831718445
61,49.37837005127221,49.73463003989309,Tuberculosis,0.9931880831718445
62,37.59542596526444,37.91229706257582,Tuberculosis,0.9931880831718445
63,35.36464797798544,35.68163001909852,Tuberculosis,0.9931880831718445
64,39.608463062904775,39.9437960004434,Tuberculosis,0.9931880831718445
65,35.331721999682486,35.64879600889981,Tuberculosis,0.9931880831718445
66,35.29718494974077,35.614758962765336,Tuberculosis,0.9931880831718445
67,38.03001902997494,38.346073939464986,Tuberculosis,0.9931880831718445
68,36.15909197833389,36.47635201923549,Tuberculosis,0.9931880831718445
69,39.68640696257353,40.00690800603479,Tuberculosis,0.9931880831718445
70,38.451500004157424,39.21135200653225,Tuberculosis,0.9931880831718445
71,47.1709449775517,48.10924094635993,Tuberculosis,0.9931880831718445
72,40.10003700386733,40.42225901503116,Tuberculosis,0.9931880831718445
73,39.029647945426404,39.35459197964519,Tuberculosis,0.9931880831718445
74,32.48235199134797,32.8049820382148,Tuberculosis,0.9931880831718445
75,39.54046301078051,39.86461099702865,Tuberculosis,0.9931880831718445
76,38.59716607257724,38.95144409034401,Tuberculosis,0.9931880831718445
77,40.196649031713605,40.51848198287189,Tuberculosis,0.9931880831718445
78,35.69264896214008,36.01146303117275,Tuberculosis,0.9931880831718445
79,37.59374096989632,37.92596305720508,Tuberculosis,0.9931880831718445
80,33.71175890788436,34.029555041342974,Tuberculosis,0.9931880831718445
81,49.53779699280858,49.88838895224035,Tuberculosis,0.9931880831718445
82,36.737815011292696,37.05814795102924,Tuberculosis,0.9931880831718445
83,39.96564797125757,40.28351802844554,Tuberculosis,0.9931880831718445
84,42.00159304309636,42.322944034822285,Tuberculosis,0.9931880831718445
85,38.46553701441735,38.78477797843516,Tuberculosis,0.9931880831718445
86,38.75912900548428,39.08661101013422,Tuberculosis,0.9931880831718445
87,40.791203966364264,41.20044503360987,Tuberculosis,0.9931880831718445
88,36.11440700478852,36.43722308333963,Tuberculosis,0.9931880831718445
89,39.80138897895813,40.11900001205504,Tuberculosis,0.9931880831718445
90,38.822037051431835,39.139591972343624,Tuberculosis,0.9931880831718445
91,48.37224108632654,48.84744493756443,Tuberculosis,0.9931880831718445
92,34.682721947319806,35.001629032194614,Tuberculosis,0.9931880831718445
93,41.02236998733133,41.342129930853844,Tuberculosis,0.9931880831718445
94,41.027963045053184,41.34772205725312,Tuberculosis,0.9931880831718445
95,37.97887091059238,38.29966590274125,Tuberculosis,0.9931880831718445
96,38.299889070913196,38.62081398256123,Tuberculosis,0.9931880831718445
97,34.49077799450606,34.810518962331116,Tuberculosis,0.9931880831718445
98,38.71135204099119,39.03057402931154,Tuberculosis,0.9931880831718445
99,41.141204070299864,41.460998938418925,Tuberculosis,0.9931880831718445
100,42.713332921266556,43.034852016717196,Tuberculosis,0.9931880831718445
